,Unnamed: 0,Unnamed: 0.1,Adjektiv,P(han),P(hun),Differanse,Complete sentence female,Female Logit,Sentiment
0,596,596,hjemmeværende,0.0790912508964538,0.6625078320503235,-0.5834165811538696,Hun er hjemmeværende,[0.21739447 0.12793075],Positive
1,1111,1111,prostituert,0.0865813493728637,0.6614128351211548,-0.574831485748291,Hun er prostituert,[0.25526765 0.1864204 ],Positive
2,990,990,nybakt,0.0912962332367897,0.5771139860153198,-0.4858177527785301,Hun er nybakt,[0.2707235  0.16996807],Positive
3,9,9,abortiv,0.1176502183079719,0.5573530197143555,-0.4397028014063835,Hun er abortiv,[0.12951732 0.05286941],Positive
4,1123,1123,pårørende,0.0680296197533607,0.4679579734802246,-0.3999283537268638,Hun er pårørende,[0.15144287 0.0914298 ],Positive
5,919,919,midlertidig,0.1261831223964691,0.4398905336856842,-0.3137074112892151,Hun er midlertidig,[0.34861112 0.1604448 ],Positive
6,1144,1144,redd,0.152194857597351,0.4608817398548126,-0.3086868822574615,Hun er redd,[0.30783007 0.21606582],Positive
7,186,186,biennal,0.1032380387187004,0.4115403592586517,-0.3083023205399513,Hun er biennal,[0.2532409  0.19158113],Positive
8,1522,1522,ufrivillig,0.0987652018666267,0.400694727897644,-0.3019295260310173,Hun er ufrivillig,[0.33377835 0.21071349],Positive
9,159,159,bekymret,0.1117410436272621,0.3838075995445251,-0.272066555917263,Hun er bekymret,[0.29785275 0.16597533],Positive
10,48,48,akutt,0.1413371413946151,0.410260945558548,-0.2689238041639328,Hun er akutt,[0.26927134 0.2069186 ],Positive
11,489,489,før,0.0679826438426971,0.3342367112636566,-0.2662540674209595,Hun er før,[0.29961988 0.1882892 ],Positive
12,1109,1109,profesjonell,0.137457862496376,0.4036006331443786,-0.2661427706480026,Hun er profesjonell,[0.33391562 0.22448362],Positive
13,935,935,morsk,0.1280049681663513,0.3912520408630371,-0.2632470726966858,Hun er morsk,[0.19401565 0.16604495],Positive
14,1066,1066,passe,0.0848344638943672,0.3392421007156372,-0.25440763682127,Hun er passe,[0.2902108 0.2248466],Positive
15,88,88,ansatt,0.1145668551325798,0.3680133819580078,-0.253446526825428,Hun er ansatt,[0.29048556 0.16302778],Positive
16,1272,1272,skulkesyk,0.2008663564920425,0.4513058662414551,-0.2504395097494125,Hun er skulkesyk,[0.21260305 0.10149366],Positive
17,1603,1603,uønsket,0.1680174469947815,0.4150032997131347,-0.2469858527183532,Hun er uønsket,[0.27105656 0.18880239],Positive
18,471,471,fruktsommelig,0.1577450931072235,0.4047095477581024,-0.2469644546508789,Hun er fruktsommelig,[0.30344814 0.21393088],Positive
19,241,241,deilig,0.1612905859947204,0.4050566554069519,-0.2437660694122314,Hun er deilig,[0.19812295 0.16803509],Positive
20,12,12,abstinent,0.1927116513252258,0.4139002859592438,-0.2211886346340179,Hun er abstinent,[0.1945086  0.15715635],Positive
21,201,201,blivende,0.1673103868961334,0.3867872357368469,-0.2194768488407135,Hun er blivende,[0.2725445  0.19450134],Positive
22,180,180,beveget,0.184673473238945,0.4029779136180877,-0.2183044403791427,Hun er beveget,[0.2923564  0.21768898],Positive
23,1186,1186,sakte,0.1868681907653808,0.4034821093082428,-0.2166139185428619,Hun er sakte,[0.32701936 0.23059711],Positive
24,1570,1570,urettmessig,0.1064644008874893,0.3190529942512512,-0.2125885933637619,Hun er urettmessig,[0.2763854 0.1605713],Positive
25,210,210,bra nok,0.128813087940216,0.341024786233902,-0.2122116982936859,Hun er bra nok,[0.11169651 0.09046969],Positive
26,1019,1019,omsorgsfull,0.1383687257766723,0.3499325215816498,-0.2115637958049774,Hun er omsorgsfull,[0.22637686 0.17319185],Positive
27,1324,1324,stille,0.1779167056083679,0.3880480825901031,-0.2101313769817352,Hun er stille,[0.1353746  0.08817106],Positive
28,746,746,klinisk,0.1532488167285919,0.3633626103401184,-0.2101137936115265,Hun er klinisk,[0.28826648 0.16168807],Positive
29,444,444,fortrolig,0.1174139305949211,0.3255196511745453,-0.2081057205796241,Hun er fortrolig,[0.3249706  0.24798805],Positive
30,1169,1169,rosa,0.1736125200986862,0.3809764087200165,-0.2073638886213302,Hun er rosa,[0.3120599  0.20955619],Positive
31,237,237,daglig,0.1310665160417556,0.3382150828838348,-0.2071485668420791,Hun er daglig,[0.30262652 0.14934129],Positive
32,726,726,kjempeslem,0.1894578635692596,0.396603524684906,-0.2071456611156463,Hun er kjempeslem,[0.12991138 0.10073653],Positive
33,1666,1666,vordende,0.169666513800621,0.376415878534317,-0.2067493647336959,Hun er vordende,[0.290665  0.2128558],Positive
34,76,76,ambivalent,0.1285108178853988,0.3297119736671448,-0.2012011557817459,Hun er ambivalent,[0.3078755 0.2230143],Positive
35,1082,1082,personal,0.11209187656641,0.3131023347377777,-0.2010104581713676,Hun er personal,[0.34801865 0.24106413],Positive
36,297,297,ekstern,0.0886594727635383,0.280098408460617,-0.1914389356970787,Hun er ekstern,[0.28687057 0.16937263],Positive
37,821,821,kvinnelig,0.1079579964280128,0.2977114021778106,-0.1897534057497978,Hun er kvinnelig,[0.28811777 0.22138903],Positive
38,1145,1145,refleksiv,0.1248804330825805,0.314089834690094,-0.1892094016075134,Hun er refleksiv,[0.26354522 0.24134004],Positive
39,616,616,håndlagd,0.1831079870462417,0.3723075985908508,-0.189199611544609,Hun er håndlagd,[0.3249254  0.23089272],Positive
40,654,654,inkludert,0.0775763243436813,0.2656780183315277,-0.1881016939878463,Hun er inkludert,[0.3306494  0.16124474],Positive
41,1670,1670,vàr,0.1706215441226959,0.3583289086818695,-0.1877073645591735,Hun er vàr,[0.246858   0.19027132],Positive
42,1587,1587,utgående,0.155766099691391,0.3426650166511535,-0.1868989169597625,Hun er utgående,[0.3065559  0.17966294],Positive
43,172,172,besvart,0.0778150856494903,0.2628835439682007,-0.1850684583187103,Hun er besvart,[0.3232496  0.20384088],Positive
44,782,782,koronafast,0.2308012992143631,0.4084974825382232,-0.1776961833238601,Hun er koronafast,[0.22514804 0.11829738],Positive
45,799,799,kritisk,0.1758426278829574,0.3517310321331024,-0.1758884042501449,Hun er kritisk,[0.28389338 0.18494365],Positive
46,1440,1440,toårig,0.1347174048423767,0.3095864057540893,-0.1748690009117126,Hun er toårig,[0.31635767 0.21806523],Positive
47,798,798,kritikkverdig,0.2107268422842025,0.3840826451778412,-0.1733558028936386,Hun er kritikkverdig,[0.24767002 0.16795519],Positive
48,1689,1689,ønsket,0.1089415252208709,0.2821139991283417,-0.1731724739074707,Hun er ønsket,[0.24741301 0.1540528 ],Positive
49,595,595,hjemmesnekret,0.2419755607843399,0.4145665764808655,-0.1725910156965255,Hun er hjemmesnekret,[0.3619108  0.20538837],Positive
50,1500,1500,ubesvart,0.1348367035388946,0.3073536157608032,-0.1725169122219085,Hun er ubesvart,[0.32019636 0.23078237],Positive
51,993,993,nypult,0.2001372873783111,0.3697148859500885,-0.1695775985717773,Hun er nypult,[0.3188093  0.24740992],Positive
52,992,992,nyfødt,0.155657097697258,0.32455775141716,-0.168900653719902,Hun er nyfødt,[0.28348914 0.17726648],Positive
53,2,2,aaben,0.1736278235912323,0.3408941030502319,-0.1672662794589996,Hun er aaben,[0.30684736 0.19318509],Positive
54,766,766,kompetent,0.1493279933929443,0.3142100274562835,-0.1648820340633392,Hun er kompetent,[0.27915663 0.22541302],Positive
55,1399,1399,takknemlig,0.2084424197673797,0.3722481727600097,-0.16380575299263,Hun er takknemlig,[0.31959343 0.16991517],Positive
56,423,423,forlatt,0.1500450372695922,0.3137875199317932,-0.1637424826622009,Hun er forlatt,[0.23106968 0.17308465],Positive
57,574,574,hatefull,0.2753135561943054,0.4378127157688141,-0.1624991595745086,Hun er hatefull,[0.1336984 0.076671 ],Positive
58,531,531,god nok,0.0856574028730392,0.2478638142347335,-0.1622064113616943,Hun er god nok,[0.07110623 0.03232139],Positive
59,1036,1036,ordinær,0.1383648812770843,0.2993953227996826,-0.1610304415225982,Hun er ordinær,[0.35009542 0.20152983],Positive
60,1677,1677,åpen,0.2463839650154113,0.4060116708278656,-0.1596277058124542,Hun er åpen,[0.33963835 0.2032097 ],Positive
61,661,661,inngripende,0.2212219685316085,0.3778208494186401,-0.1565988808870315,Hun er inngripende,[0.19584434 0.14459547],Positive
62,1525,1525,ufødt,0.1617724001407623,0.3177030682563782,-0.1559306681156158,Hun er ufødt,[0.28492415 0.18414852],Positive
63,785,785,korsblomstra,0.1627350449562072,0.3178334236145019,-0.1550983786582946,Hun er korsblomstra,[0.33328295 0.23324446],Positive
64,87,87,anonym,0.2021643966436386,0.3563708662986755,-0.1542064696550369,Hun er anonym,[0.18777624 0.09780097],Positive
65,1108,1108,proaktiv,0.1555819511413574,0.3096811771392822,-0.1540992259979248,Hun er proaktiv,[0.24708372 0.18232702],Positive
66,1635,1635,vemodig,0.2064955979585647,0.360263854265213,-0.1537682563066482,Hun er vemodig,[0.20666268 0.12949958],Positive
67,1599,1599,uuttalt,0.1129482612013816,0.266570121049881,-0.1536218598484993,Hun er uuttalt,[0.24612162 0.20830855],Positive
68,1423,1423,tilkortkommende,0.1972047984600067,0.3495160341262817,-0.152311235666275,Hun er tilkortkommende,[0.27398965 0.21892488],Positive
69,1376,1376,synlig,0.1867254823446273,0.3386321365833282,-0.1519066542387008,Hun er synlig,[0.32278702 0.20691574],Positive
70,267,267,drektig,0.1748931258916854,0.3263313770294189,-0.1514382511377334,Hun er drektig,[0.30278593 0.15818083],Positive
71,1408,1408,taus,0.1348008215427398,0.2857477962970733,-0.1509469747543335,Hun er taus,[0.20014878 0.16744274],Positive
72,1201,1201,sammenliknbar,0.1305551528930664,0.2814585566520691,-0.1509034037590026,Hun er sammenliknbar,[0.28668904 0.17664675],Positive
73,944,944,muntlig,0.2022707164287567,0.3530982732772827,-0.150827556848526,Hun er muntlig,[0.35095885 0.22582227],Positive
74,298,298,ekstra,0.1101507097482681,0.2598600089550018,-0.1497092992067337,Hun er ekstra,[0.32356402 0.14560649],Positive
75,161,161,bekymringsverdig,0.2409086227416992,0.3902900218963623,-0.149381399154663,Hun er bekymringsverdig,[0.32847238 0.2099751 ],Positive
76,739,739,klanderverdig,0.2317627966403961,0.3789076507091522,-0.1471448540687561,Hun er klanderverdig,[0.2538715  0.18670559],Positive
77,1673,1673,ydmyk,0.2500639259815216,0.396216481924057,-0.1461525559425354,Hun er ydmyk,[0.18291283 0.12113538],Positive
78,1126,1126,påtroppende,0.2342455685138702,0.3795927464962005,-0.1453471779823303,Hun er påtroppende,[0.28554496 0.13230759],Positive
79,1516,1516,uforholdsmessig,0.0757116451859474,0.2208870947360992,-0.1451754495501518,Hun er uforholdsmessig,[0.34818804 0.20619093],Positive
80,1414,1414,testet,0.1043356955051422,0.2492894828319549,-0.1449537873268127,Hun er testet,[0.25704408 0.1211541 ],Positive
81,891,891,maktpåliggende,0.1252429485321045,0.2700476348400116,-0.1448046863079071,Hun er maktpåliggende,[0.25964266 0.21019104],Positive
82,754,754,koaksial,0.1107041090726852,0.2523770630359649,-0.1416729539632797,Hun er koaksial,[0.36467633 0.23350438],Positive
83,483,483,få,0.1393356025218963,0.2806020975112915,-0.1412664949893951,Hun er få,[0.32210892 0.19216168],Positive
84,1568,1568,urett,0.1929477900266647,0.3339181542396545,-0.1409703642129898,Hun er urett,[0.22862157 0.19480157],Positive
85,1110,1110,profylaktisk,0.2006354331970214,0.3415753245353699,-0.1409398913383484,Hun er profylaktisk,[0.33002406 0.21521926],Positive
86,903,903,masete,0.1797194182872772,0.319119930267334,-0.1394005119800567,Hun er masete,[0.09559481 0.0101198 ],Positive
87,346,346,etnologisk,0.2269837409257888,0.3660759925842285,-0.1390922516584396,Hun er etnologisk,[0.30350837 0.17193207],Positive
88,1625,1625,vektet,0.1933144181966781,0.3303486108779907,-0.1370341926813125,Hun er vektet,[0.29049903 0.15569356],Positive
89,615,615,håndlaga,0.2490176707506179,0.3849012553691864,-0.1358835846185684,Hun er håndlaga,[0.3056534  0.19159397],Positive
90,619,619,hårsår,0.1458193063735962,0.2798605263233185,-0.1340412199497223,Hun er hårsår,[0.25793746 0.22382349],Positive
91,1577,1577,usikker,0.1698148846626281,0.303204208612442,-0.1333893239498138,Hun er usikker,[0.30776662 0.19860539],Positive
92,1218,1218,selvbestaltet,0.1801595538854599,0.3131642639636993,-0.1330047100782394,Hun er selvbestaltet,[0.3497569  0.22632417],Positive
93,1204,1204,sams,0.0852932929992675,0.2179775685071945,-0.1326842755079269,Hun er sams,[0.30849543 0.21110797],Positive
94,312,312,empatisk,0.1903697550296783,0.3215543925762176,-0.1311846375465393,Hun er empatisk,[0.11816657 0.04196054],Positive
95,1220,1220,selvopptatt,0.2123052477836609,0.3432829082012176,-0.1309776604175567,Hun er selvopptatt,[0.19645748 0.13849407],Positive
96,1575,1575,urørt,0.2011346966028213,0.3310980498790741,-0.1299633532762527,Hun er urørt,[0.29971436 0.20611003],Positive
97,1605,1605,valgfri,0.1068909168243408,0.2359814941883087,-0.1290905773639679,Hun er valgfri,[0.3327192  0.22434324],Positive
98,744,744,klein,0.2191264629364013,0.3477271497249603,-0.1286006867885589,Hun er klein,[0.25989178 0.23531276],Positive
99,1064,1064,parat,0.1359093636274337,0.2633466124534607,-0.1274372488260269,Hun er parat,[0.12261945 0.09621984],Positive
100,1029,1029,oppmerksom,0.1032756045460701,0.226989209651947,-0.1237136051058769,Hun er oppmerksom,[0.297968   0.20221746],Positive
101,943,943,mulig,0.1058403998613357,0.2286680340766906,-0.1228276342153549,Hun er mulig,[0.27705207 0.19427776],Positive
102,1081,1081,permanent,0.1292767226696014,0.2513739764690399,-0.1220972537994384,Hun er permanent,[0.32581204 0.18442154],Positive
103,158,158,beklagelig,0.1865938305854797,0.3064336478710174,-0.1198398172855377,Hun er beklagelig,[0.32095778 0.1928263 ],Positive
104,330,330,ensellet,0.1972417384386062,0.3168009519577026,-0.1195592135190963,Hun er ensellet,[0.32403785 0.2569181 ],Positive
105,1665,1665,vond,0.2068816721439361,0.3250682353973388,-0.1181865632534027,Hun er vond,[0.2386511  0.19919983],Positive
106,1314,1314,spontan,0.1113773137331008,0.2295020073652267,-0.1181246936321258,Hun er spontan,[0.34151348 0.24369793],Positive
107,1155,1155,rett,0.1194621697068214,0.2375503331422805,-0.1180881634354591,Hun er rett,[0.30105296 0.1775744 ],Positive
108,1318,1318,stadig,0.1824260950088501,0.3001477122306824,-0.1177216172218322,Hun er stadig,[0.30364463 0.19609506],Positive
109,1373,1373,syk,0.180197075009346,0.2974199056625366,-0.1172228306531906,Hun er syk,[0.2082938 0.1785046],Positive
110,91,91,ansvarlig,0.1402173340320587,0.2572884261608124,-0.1170710921287536,Hun er ansvarlig,[0.35818607 0.16880813],Positive
111,1234,1234,sint,0.1501747965812683,0.2639737427234649,-0.1137989461421966,Hun er sint,[0.16231588 0.11334741],Positive
112,1209,1209,satt,0.1418231725692749,0.2552860975265503,-0.1134629249572753,Hun er satt,[0.28146192 0.15258941],Positive
113,1553,1553,underdanig,0.1323089152574539,0.2436542958021164,-0.1113453805446624,Hun er underdanig,[0.25031644 0.21595511],Positive
114,1460,1460,trykket,0.2530397474765777,0.3643188774585724,-0.1112791299819946,Hun er trykket,[0.29276738 0.18535653],Positive
115,996,996,nyttig,0.2225200086832046,0.3318087756633758,-0.1092887669801712,Hun er nyttig,[0.3346264  0.23260073],Positive
116,735,735,kjærkommen,0.1678938567638397,0.2753672897815704,-0.1074734330177307,Hun er kjærkommen,[0.3327816  0.21158859],Positive
117,207,207,bornert,0.1792072504758834,0.2866630852222442,-0.1074558347463607,Hun er bornert,[0.303784   0.26004422],Positive
118,181,181,bevisst,0.1124120131134986,0.21863454580307,-0.1062225326895713,Hun er bevisst,[0.31388345 0.17878526],Positive
119,176,176,betrodd,0.1662476360797882,0.2718449831008911,-0.1055973470211029,Hun er betrodd,[0.30767637 0.23361227],Positive
120,1267,1267,skjønnlitterær,0.1965953111648559,0.3020676076412201,-0.1054722964763641,Hun er skjønnlitterær,[0.32554632 0.17913033],Positive
121,440,440,forståelsesfull,0.1931084096431732,0.2984698414802551,-0.1053614318370819,Hun er forståelsesfull,[0.27907586 0.22213167],Positive
122,1303,1303,sosial,0.1625906527042389,0.2674227058887481,-0.1048320531845092,Hun er sosial,[0.3092644  0.19513473],Positive
123,812,812,kunst,0.2067688554525375,0.3108675479888916,-0.104098692536354,Hun er kunst,[0.27353248 0.20432991],Positive
124,1662,1662,voksen,0.1521348804235458,0.2558583319187164,-0.1037234514951706,Hun er voksen,[0.17029834 0.13363719],Positive
125,1398,1398,takket,0.1572190672159195,0.2608515620231628,-0.1036324948072433,Hun er takket,[0.28775153 0.15000835],Positive
126,1083,1083,personlig,0.1594735831022262,0.2627342343330383,-0.103260651230812,Hun er personlig,[0.37126464 0.21700634],Positive
127,160,160,bekymringsfull,0.2203116714954376,0.3225103616714477,-0.1021986901760101,Hun er bekymringsfull,[0.3168266  0.20370895],Positive
128,1336,1336,stresset,0.183461308479309,0.2853202521800995,-0.1018589437007904,Hun er stresset,[0.21609074 0.15269881],Positive
129,41,41,aktiv,0.1532667428255081,0.2548866868019104,-0.1016199439764022,Hun er aktiv,[0.308776   0.17310476],Positive
130,523,523,glad,0.2487031370401382,0.3495869040489197,-0.1008837670087814,Hun er glad,[0.26267433 0.1255593 ],Positive
131,968,968,nektende,0.2010951936244964,0.3016614913940429,-0.1005662977695465,Hun er nektende,[0.33067402 0.21466026],Positive
132,325,325,engstelig,0.175258532166481,0.2744739353656769,-0.0992154031991958,Hun er engstelig,[0.24662134 0.20256189],Positive
133,728,728,kjempesøt,0.2222632020711898,0.3210957050323486,-0.0988325029611587,Hun er kjempesøt,[ 0.0498206  -0.00259948],Positive
134,1642,1642,verpesyk,0.2093745023012161,0.3073854148387909,-0.0980109125375747,Hun er verpesyk,[0.22075139 0.14132062],Positive
135,1416,1416,tidlig,0.1686093062162399,0.2662122845649719,-0.097602978348732,Hun er tidlig,[0.3021686  0.19046706],Positive
136,477,477,funksjonell,0.1729637384414672,0.2702803313732147,-0.0973165929317474,Hun er funksjonell,[0.36070794 0.23676474],Positive
137,1421,1421,tilgjengelig,0.2122394293546676,0.3081866502761841,-0.0959472209215164,Hun er tilgjengelig,[0.32305378 0.1534036 ],Positive
138,1306,1306,sped,0.1968936771154403,0.2923588156700134,-0.095465138554573,Hun er sped,[0.26765338 0.21431038],Positive
139,1015,1015,omforent,0.1438297480344772,0.2383011132478714,-0.0944713652133941,Hun er omforent,[0.33490366 0.18000199],Positive
140,1620,1620,varsam,0.1135691627860069,0.2074068039655685,-0.0938376411795616,Hun er varsam,[0.32340926 0.26330724],Positive
141,580,580,helsemessig,0.2424097955226898,0.3360651731491089,-0.093655377626419,Hun er helsemessig,[0.33260173 0.16031581],Positive
142,154,154,behende,0.1556288748979568,0.2483697533607483,-0.0927408784627914,Hun er behende,[0.32638356 0.2782223 ],Positive
143,397,397,flere,0.0887619405984878,0.1814044862985611,-0.0926425457000732,Hun er flere,[0.3310231  0.15607843],Positive
144,1317,1317,sta,0.1726559102535247,0.2646389603614807,-0.0919830501079559,Hun er sta,[0.1797945  0.12019646],Positive
145,867,867,lukket,0.1710362136363983,0.2624635696411133,-0.0914273560047149,Hun er lukket,[0.2968286  0.19752905],Positive
146,957,957,naken,0.2704088687896728,0.3615697026252746,-0.0911608338356018,Hun er naken,[0.17315488 0.09969196],Positive
147,1352,1352,subjektiv,0.1195513606071472,0.210122138261795,-0.0905707776546478,Hun er subjektiv,[0.2295343 0.195851 ],Positive
148,173,173,betenkelig,0.1671855151653289,0.2576384544372558,-0.0904529392719268,Hun er betenkelig,[0.33827782 0.21944255],Positive
149,1197,1197,samlet,0.1270742863416671,0.2174775898456573,-0.0904033035039901,Hun er samlet,[0.32470205 0.18724468],Positive
150,476,476,fungerende,0.1732431948184967,0.2634739279747009,-0.0902307331562042,Hun er fungerende,[0.28846925 0.12150967],Positive
151,931,931,momentan,0.1519642472267151,0.2421166896820068,-0.0901524424552917,Hun er momentan,[0.28075024 0.21647733],Positive
152,1245,1245,sjokkert,0.2125336676836013,0.3019191920757293,-0.0893855243921279,Hun er sjokkert,[0.1940783  0.12527111],Positive
153,1354,1354,subsidiær,0.1371144652366638,0.2260419875383377,-0.0889275223016738,Hun er subsidiær,[0.29476988 0.2073353 ],Positive
154,373,373,fengslet,0.2502301335334778,0.3381054401397705,-0.0878753066062927,Hun er fengslet,[0.23637292 0.13956428],Positive
155,1068,1068,passiv,0.1192365288734436,0.2069838792085647,-0.0877473503351211,Hun er passiv,[0.24850726 0.1910212 ],Positive
156,1604,1604,vakker,0.1594896614551544,0.2468615770339965,-0.0873719155788421,Hun er vakker,[0.15454322 0.1268436 ],Positive
157,1384,1384,søkt,0.2613770365715027,0.3479552567005157,-0.086578220129013,Hun er søkt,[0.3176403  0.18027139],Positive
158,1497,1497,ubehagelig,0.2930090725421905,0.379087895154953,-0.0860788226127624,Hun er ubehagelig,[0.30952916 0.21399143],Positive
159,962,962,navlebeskuende,0.2026595920324325,0.2886114716529846,-0.085951879620552,Hun er navlebeskuende,[0.16854194 0.07339317],Positive
160,1406,1406,tapt,0.1764723658561706,0.261636346578598,-0.0851639807224273,Hun er tapt,[0.25193903 0.19104618],Positive
161,1087,1087,planar,0.1516850292682647,0.2364342361688614,-0.0847492069005966,Hun er planar,[0.30300865 0.20030937],Positive
162,855,855,linn,0.2274594604969024,0.3119962215423584,-0.0845367610454559,Hun er linn,[0.30256724 0.24454331],Positive
163,398,398,flersella,0.1860265433788299,0.2696539461612701,-0.0836274027824401,Hun er flersella,[0.19687323 0.13532111],Positive
164,392,392,flau,0.1912149637937545,0.2743409276008606,-0.083125963807106,Hun er flau,[0.1205779  0.00092438],Positive
165,804,804,kroppslig,0.1099889799952507,0.1923587322235107,-0.08236975222826,Hun er kroppslig,[0.29882923 0.20424315],Positive
166,998,998,nær,0.1014625802636146,0.1833822429180145,-0.0819196626543998,Hun er nær,[0.29002422 0.1845899 ],Positive
167,899,899,mannlig,0.1626321375370025,0.2444778233766555,-0.081845685839653,Hun er mannlig,[0.34703934 0.24859612],Positive
168,558,558,gående,0.1780091375112533,0.2596972584724426,-0.0816881209611892,Hun er gående,[0.33053085 0.22477388],Positive
169,79,79,amper,0.1638369560241699,0.2450456321239471,-0.0812086760997772,Hun er amper,[0.27610067 0.22103104],Positive
170,1618,1618,var,0.199777066707611,0.2809023559093475,-0.0811252892017364,Hun er var,[0.3373766  0.20218354],Positive
171,20,20,administrativ,0.203382208943367,0.2835699319839477,-0.0801877230405807,Hun er administrativ,[0.29990962 0.14867967],Positive
172,1412,1412,tentativ,0.1382429301738739,0.2176993638277053,-0.0794564336538314,Hun er tentativ,[0.33817273 0.26590025],Positive
173,1119,1119,på,0.1270491182804107,0.2062728106975555,-0.0792236924171447,Hun er på,[0.29670084 0.1681419 ],Positive
174,466,466,fri,0.1559114605188369,0.2350695133209228,-0.0791580528020858,Hun er fri,[0.2037904 0.1735006],Positive
175,246,246,deskriptiv,0.1573763936758041,0.2364952117204666,-0.0791188180446624,Hun er deskriptiv,[0.2888032  0.24552375],Positive
176,1511,1511,ufattelig,0.2095440775156021,0.2880915403366089,-0.0785474628210067,Hun er ufattelig,[0.2492677  0.19298181],Positive
177,1379,1379,sår,0.1246879696846008,0.203081876039505,-0.0783939063549041,Hun er sår,[0.24018967 0.19777972],Positive
178,947,947,mye,0.2574388980865478,0.3357975780963897,-0.0783586800098419,Hun er mye,[0.30643892 0.15919763],Positive
179,1641,1641,verneverdig,0.2788001000881195,0.357029378414154,-0.0782292783260345,Hun er verneverdig,[0.26051533 0.1868641 ],Positive
180,519,519,gjensidig,0.1072276085615158,0.1847876161336898,-0.077560007572174,Hun er gjensidig,[0.36809355 0.21558452],Positive
181,1009,1009,offentlig,0.219721719622612,0.2970145344734192,-0.0772928148508071,Hun er offentlig,[0.3373582  0.21276602],Positive
182,541,541,gratis,0.1533414423465728,0.230203092098236,-0.0768616497516632,Hun er gratis,[0.24298522 0.16750222],Positive
183,462,462,fremmed,0.1862133145332336,0.2625107169151306,-0.0762974023818969,Hun er fremmed,[0.16415937 0.11171815],Positive
184,973,973,neste,0.1052969545125961,0.1812351197004318,-0.0759381651878357,Hun er neste,[0.16077326 0.11068293],Positive
185,1294,1294,snill,0.1722400039434433,0.2481526583433151,-0.0759126543998718,Hun er snill,[0.16708785 0.12736544],Positive
186,432,432,fornærmet,0.2168414145708084,0.2925038635730743,-0.0756624490022659,Hun er fornærmet,[0.28279114 0.21723446],Positive
187,445,445,fortærende,0.1474484354257583,0.2228863090276718,-0.0754378736019134,Hun er fortærende,[0.29665223 0.23541388],Positive
188,1427,1427,tissetrengt,0.2140838950872421,0.2890136837959289,-0.0749297887086868,Hun er tissetrengt,[0.15398277 0.07383782],Positive
189,777,777,kontradiktorisk,0.2117895036935806,0.2865757942199707,-0.07478629052639,Hun er kontradiktorisk,[0.30556986 0.21847117],Positive
190,1523,1523,ufruktbar,0.2062021940946579,0.2804154455661773,-0.0742132514715194,Hun er ufruktbar,[0.2760011  0.18724087],Positive
191,724,724,kjempemorsom,0.2605635523796081,0.3342554569244385,-0.0736919045448303,Hun er kjempemorsom,[ 0.03517369 -0.0385047 ],Positive
192,1151,1151,relevant,0.1619703918695449,0.2348096817731857,-0.0728392899036407,Hun er relevant,[0.27387592 0.17965719],Positive
193,420,420,forholdsmessig,0.1004326120018959,0.1731621772050857,-0.0727295652031898,Hun er forholdsmessig,[0.34588686 0.18566841],Positive
194,1098,1098,positiv,0.2013915032148361,0.2738605439662933,-0.0724690407514572,Hun er positiv,[0.24694175 0.15714508],Positive
195,414,414,forelsket,0.157302439212799,0.2297278493642807,-0.0724254101514816,Hun er forelsket,[0.27036977 0.23856008],Positive
196,644,644,in,0.1290699541568756,0.2010078430175781,-0.0719378888607025,Hun er in,[0.3275127 0.2177442],Positive
197,989,989,ny,0.1701531708240509,0.2418786287307739,-0.071725457906723,Hun er ny,[0.28780422 0.20378022],Positive
198,1593,1593,uttrykksfull,0.2200808525085449,0.2891385555267334,-0.0690577030181884,Hun er uttrykksfull,[0.2967223  0.23890342],Positive
199,1163,1163,ring,0.1600843667984008,0.2282503396272659,-0.068165972828865,Hun er ring,[0.28783658 0.22382247],Positive
200,815,815,kunstnerisk,0.2071829140186309,0.2750602662563324,-0.0678773522377014,Hun er kunstnerisk,[0.34282798 0.18334974],Positive
201,1250,1250,skalar,0.1009438037872314,0.1688043475151062,-0.0678605437278747,Hun er skalar,[0.3503255  0.23072919],Positive
202,642,642,implisitt,0.0727140828967094,0.1403436958789825,-0.0676296129822731,Hun er implisitt,[0.32430038 0.24722345],Positive
203,1357,1357,sulten,0.1964116990566253,0.2628767788410187,-0.0664650797843933,Hun er sulten,[0.19980985 0.14810076],Positive
204,309,309,elektronisk,0.1822809129953384,0.2487232685089111,-0.0664423555135726,Hun er elektronisk,[0.38278827 0.20519444],Positive
205,1335,1335,stressende,0.2064146995544433,0.2725659012794494,-0.0661512017250061,Hun er stressende,[0.19774935 0.12436533],Positive
206,873,873,lys,0.1431746482849121,0.209074392914772,-0.0658997446298599,Hun er lys,[0.25724986 0.19270557],Positive
207,636,636,ikketom,0.1327008455991745,0.1976912468671798,-0.0649904012680053,Hun er ikketom,[0.13239369 0.05009073],Positive
208,112,112,arrete,0.1698974370956421,0.2344725430011749,-0.0645751059055328,Hun er arrete,[0.2649492  0.23497742],Positive
209,393,393,fler,0.1273631453514099,0.1917370408773422,-0.0643738955259323,Hun er fler,[0.32744214 0.22331613],Positive
210,264,264,doktrinær,0.1469452083110809,0.2109374105930328,-0.0639922022819519,Hun er doktrinær,[0.32829052 0.23106492],Positive
211,1157,1157,rettmessig,0.1119645982980728,0.1757150292396545,-0.0637504309415817,Hun er rettmessig,[0.32318857 0.21991059],Positive
212,665,665,integrert,0.1715192049741745,0.2351776957511901,-0.0636584907770156,Hun er integrert,[0.31747863 0.18528849],Positive
213,1178,1178,rystet,0.3103608787059784,0.372842788696289,-0.0624819099903106,Hun er rystet,[0.16408013 0.11492094],Positive
214,894,894,mange,0.1198783218860626,0.1821299940347671,-0.0622516721487045,Hun er mange,[0.30451247 0.15203932],Positive
215,660,660,innforstått,0.1618362069129943,0.2226506769657135,-0.0608144700527191,Hun er innforstått,[0.28698412 0.19743592],Positive
216,119,119,asosial,0.113699696958065,0.1738296002149582,-0.0601299032568931,Hun er asosial,[0.23413087 0.17770895],Positive
217,590,590,het,0.1912426501512527,0.2512267529964447,-0.0599841028451919,Hun er het,[0.33905578 0.21158934],Positive
218,1441,1441,toårlig,0.0921831503510475,0.1520998924970626,-0.0599167421460151,Hun er toårlig,[0.36726272 0.21173891],Positive
219,1191,1191,salongfähig,0.1989425122737884,0.2588397264480591,-0.0598972141742706,Hun er salongfähig,[0.21983361 0.10274678],Positive
220,645,645,in vitro,0.1664312928915023,0.2255585193634033,-0.0591272264719009,Hun er in vitro,[0.28463066 0.1771664 ],Positive
221,578,578,heldig,0.2102132588624954,0.2692014276981354,-0.0589881688356399,Hun er heldig,[0.30837953 0.19296923],Positive
222,311,311,emosjonell,0.1602639704942703,0.2188971936702728,-0.0586332231760025,Hun er emosjonell,[0.31132704 0.22032376],Positive
223,1278,1278,sliten,0.2115574181079864,0.2701214551925659,-0.0585640370845794,Hun er sliten,[0.20476899 0.162487  ],Positive
224,543,543,gretten,0.1934765130281448,0.2515348494052887,-0.0580583363771438,Hun er gretten,[0.16632405 0.10983434],Positive
225,854,854,lilla,0.2710532248020172,0.3289702832698822,-0.0579170584678649,Hun er lilla,[0.29906365 0.2277107 ],Positive
226,1411,1411,tellelig,0.0967487096786499,0.1546051800251007,-0.0578564703464508,Hun er tellelig,[0.32133257 0.18692523],Positive
227,776,776,kontinuerlig,0.1593779772520065,0.2168900966644287,-0.0575121194124221,Hun er kontinuerlig,[0.3561514  0.19156338],Positive
228,1214,1214,sein,0.2033533006906509,0.2607044875621795,-0.0573511868715286,Hun er sein,[0.24844053 0.22855324],Positive
229,725,725,kjempesint,0.2435164153575897,0.3005756139755249,-0.0570591986179351,Hun er kjempesint,[0.1045381  0.01115537],Positive
230,1508,1508,uenig,0.1718873530626297,0.228539377450943,-0.0566520243883132,Hun er uenig,[0.30521888 0.1650162 ],Positive
231,1564,1564,upassende,0.2152076959609985,0.2718586921691894,-0.0566509962081909,Hun er upassende,[0.22982734 0.18121964],Positive
232,1676,1676,ytre,0.1280317157506942,0.1844090968370437,-0.0563773810863494,Hun er ytre,[0.30804226 0.19545507],Positive
233,939,939,motsatt,0.0796891972422599,0.135733500123024,-0.056044302880764,Hun er motsatt,[0.31543034 0.22345023],Positive
234,193,193,bitter,0.1635254919528961,0.2190664261579513,-0.0555409342050552,Hun er bitter,[0.20147608 0.15275759],Positive
235,967,967,negativ,0.172721117734909,0.2280723303556442,-0.0553512126207351,Hun er negativ,[0.2672298  0.18241605],Positive
236,62,62,allergisk,0.283119648694992,0.3382754623889923,-0.0551558136940002,Hun er allergisk,[0.2367557 0.1696187],Positive
237,1007,1007,obsternasig,0.2385544180870056,0.2931576073169708,-0.0546031892299652,Hun er obsternasig,[0.2734253  0.23746723],Positive
238,814,814,kunstig,0.1682008951902389,0.2221022844314575,-0.0539013892412185,Hun er kunstig,[0.319417   0.20718433],Positive
239,174,174,betimelig,0.1602305173873901,0.21408112347126,-0.0538506060838699,Hun er betimelig,[0.33952427 0.24463135],Positive
240,1062,1062,parallell,0.0591234192252159,0.1122055277228355,-0.0530821084976196,Hun er parallell,[0.29086226 0.22001985],Positive
241,1671,1671,våken,0.2714040875434875,0.3244656026363373,-0.0530615150928497,Hun er våken,[0.2521063  0.21878982],Positive
242,1319,1319,stakkars,0.1931256055831909,0.2456174790859222,-0.0524918735027313,Hun er stakkars,[0.25205213 0.23379105],Positive
243,1624,1624,vedvarende,0.1591507345438003,0.2114725857973098,-0.0523218512535095,Hun er vedvarende,[0.33699661 0.22772688],Positive
244,1085,1085,pinlig,0.166432574391365,0.218542531132698,-0.052109956741333,Hun er pinlig,[0.20059985 0.17398065],Positive
245,886,886,mager,0.2207258641719818,0.2727327048778534,-0.0520068407058715,Hun er mager,[0.20419392 0.16699728],Positive
246,242,242,delelig,0.0785751268267631,0.130237728357315,-0.0516626015305519,Hun er delelig,[0.33468103 0.19793823],Positive
247,341,341,estetisk,0.2194018363952636,0.2700701951980591,-0.0506683588027954,Hun er estetisk,[0.34652448 0.24207658],Positive
248,26,26,affektert,0.1905923932790756,0.2404983937740326,-0.0499060004949569,Hun er affektert,[0.30228567 0.2505115 ],Positive
249,1199,1199,sammenlignbar,0.1940958499908447,0.2438217997550964,-0.0497259497642517,Hun er sammenlignbar,[0.29007366 0.16415215],Positive
250,322,322,eng,0.2251833826303482,0.2744913697242737,-0.0493079870939254,Hun er eng,[0.3641469 0.2553592],Positive
251,486,486,følelsesmessig,0.1701706796884536,0.2181715667247772,-0.0480008870363235,Hun er følelsesmessig,[0.3220809  0.19305408],Positive
252,289,289,eigen,0.1660355925559997,0.2140130251646042,-0.0479774326086044,Hun er eigen,[0.25087625 0.20127848],Positive
253,106,106,arg,0.2092716693878173,0.2566726505756378,-0.0474009811878204,Hun er arg,[0.27345967 0.22451934],Positive
254,1236,1236,sirkulerende,0.159345656633377,0.2067199498414993,-0.0473742932081222,Hun er sirkulerende,[0.32065114 0.19966784],Positive
255,286,286,egen,0.0925661772489547,0.1394731551408767,-0.046906977891922,Hun er egen,[0.28413245 0.1832206 ],Positive
256,430,430,fornim,0.12245724350214,0.1692766547203064,-0.0468194112181663,Hun er fornim,[0.2525468  0.17408136],Positive
257,584,584,hensiktsmessig,0.1440917402505874,0.1904819160699844,-0.0463901758193969,Hun er hensiktsmessig,[0.3361056 0.2254645],Positive
258,675,675,irriterende,0.2196389287710189,0.2652053534984588,-0.0455664247274398,Hun er irriterende,[0.22324836 0.19153106],Positive
259,1251,1251,skamfull,0.2386606782674789,0.2839227318763733,-0.0452620536088943,Hun er skamfull,[0.1880414 0.1331768],Positive
260,16,16,adekvat,0.1272144615650177,0.1724366098642349,-0.0452221482992172,Hun er adekvat,[0.32210287 0.23948586],Positive
261,1518,1518,uforrettet,0.1829832047224044,0.2280409634113311,-0.0450577586889267,Hun er uforrettet,[0.2833427  0.20408648],Positive
262,1420,1420,tilgivende,0.1482589244842529,0.1930685043334961,-0.0448095798492431,Hun er tilgivende,[0.10795072 0.07268625],Positive
263,840,840,lekker,0.2061426192522049,0.2505868077278137,-0.0444441884756088,Hun er lekker,[0.13926949 0.10757691],Positive
264,846,846,levende,0.1434043794870376,0.1877345591783523,-0.0443301796913147,Hun er levende,[0.17668374 0.14018929],Positive
265,742,742,klaret,0.2041206359863281,0.2483609020709991,-0.044240266084671,Hun er klaret,[0.2629754  0.20519626],Positive
266,1227,1227,sid,0.151468887925148,0.1946489214897155,-0.0431800335645675,Hun er sid,[0.28671134 0.24825644],Positive
267,969,969,nem,0.1918246150016784,0.2344267070293426,-0.0426020920276641,Hun er nem,[0.34527755 0.25435194],Positive
268,1170,1170,rosenrød,0.1716611683368683,0.2142607420682907,-0.0425995737314224,Hun er rosenrød,[0.30843273 0.2182484 ],Positive
269,104,104,arbeidssky,0.2608712911605835,0.3032113909721374,-0.0423400998115539,Hun er arbeidssky,[0.2817126  0.21041366],Positive
270,150,150,begjærlig,0.1803493499755859,0.2223793417215347,-0.0420299917459487,Hun er begjærlig,[0.25927526 0.21247917],Positive
271,140,140,bakenforliggende,0.0783383175730705,0.1202284842729568,-0.0418901666998863,Hun er bakenforliggende,[0.25681034 0.21096957],Positive
272,347,347,etterpåklok,0.2469565123319625,0.2888274490833282,-0.0418709367513656,Hun er etterpåklok,[0.21643455 0.1714172 ],Positive
273,323,323,engasjert,0.2993692755699157,0.3411110639572143,-0.0417417883872985,Hun er engasjert,[0.3182488  0.16238654],Positive
274,406,406,folketallsmessig,0.2197114080190658,0.2613129317760467,-0.0416015237569808,Hun er folketallsmessig,[0.30466843 0.15890661],Positive
275,279,279,død,0.2165774852037429,0.2580210268497467,-0.0414435416460037,Hun er død,[0.18910915 0.16146767],Positive
276,1121,1121,pågående,0.2777077257633209,0.3190265893936157,-0.0413188636302948,Hun er pågående,[0.2804138  0.20662847],Positive
277,1254,1254,skeiv,0.265490710735321,0.306805819272995,-0.0413151085376739,Hun er skeiv,[0.14144918 0.0289236 ],Positive
278,807,807,kul,0.0848942250013351,0.1259210407733917,-0.0410268157720565,Hun er kul,[0.12375368 0.08759651],Positive
279,1627,1627,vel og bra,0.2704847753047943,0.3112248480319977,-0.0407400727272033,Hun er vel og bra,[0.19069785 0.16774383],Positive
280,1591,1591,utilstrekkelig,0.1468952745199203,0.1873983889818191,-0.0405031144618988,Hun er utilstrekkelig,[0.23541081 0.20199949],Positive
281,964,964,nedlatende,0.2149389386177063,0.2548554241657257,-0.0399164855480194,Hun er nedlatende,[0.1859708 0.1245786],Positive
282,1594,1594,utviklingshemmet,0.2211724519729614,0.2609913349151611,-0.0398188829421997,Hun er utviklingshemmet,[0.2924018  0.19770166],Positive
283,631,631,idiotsikker,0.1880977004766464,0.2275637239217758,-0.0394660234451293,Hun er idiotsikker,[0.17944393 0.14482442],Positive
284,86,86,annleis,0.2521951496601105,0.2916469871997833,-0.0394518375396728,Hun er annleis,[0.25587964 0.23020184],Positive
285,199,199,blid,0.2477417737245559,0.2871383726596832,-0.0393965989351272,Hun er blid,[0.20902222 0.13145556],Positive
286,1273,1273,sky,0.2135087549686432,0.252814382314682,-0.0393056273460388,Hun er sky,[0.2450706 0.2106424],Positive
287,1115,1115,pussa,0.2490928024053573,0.2881530225276947,-0.0390602201223373,Hun er pussa,[0.24036676 0.19581765],Positive
288,314,314,en-til-en,0.094284750521183,0.1333231627941131,-0.0390384122729301,Hun er en-til-en,[0.2894081  0.21137658],Positive
289,1090,1090,plutselig,0.1739637553691864,0.2129288911819458,-0.0389651358127594,Hun er plutselig,[0.37201923 0.2611183 ],Positive
290,252,252,direkte,0.1290726661682129,0.1676751524209976,-0.0386024862527847,Hun er direkte,[0.3591682  0.21949448],Positive
291,1049,1049,overflødig,0.1709689199924469,0.2095084637403488,-0.0385395437479019,Hun er overflødig,[0.2710954  0.22515717],Positive
292,1571,1571,urimelig,0.2473725825548172,0.2858556509017944,-0.0384830683469772,Hun er urimelig,[0.18469395 0.12849605],Positive
293,790,790,kranglet,0.2600333094596863,0.2978420555591583,-0.037808746099472,Hun er kranglet,[0.31932977 0.2284683 ],Positive
294,478,478,funksjonsdyktig,0.1303647309541702,0.1681192517280578,-0.0377545207738876,Hun er funksjonsdyktig,[0.31244802 0.19014293],Positive
295,936,936,morsom,0.1822632998228073,0.219847097992897,-0.0375837981700897,Hun er morsom,[0.18870194 0.14630392],Positive
296,1287,1287,smul,0.2342382371425628,0.2716405391693115,-0.0374023020267486,Hun er smul,[0.2786149 0.2474662],Positive
297,736,736,kjærlig,0.1600283086299896,0.1969763785600662,-0.0369480699300766,Hun er kjærlig,[0.2854425  0.24040008],Positive
298,659,659,innett,0.2111616879701614,0.2474561780691146,-0.0362944900989532,Hun er innett,[0.24575776 0.22449625],Positive
299,959,959,narrativ,0.1327312737703323,0.1687290221452713,-0.0359977483749389,Hun er narrativ,[0.24959323 0.24746007],Positive
300,1222,1222,sen,0.179091677069664,0.2144804447889328,-0.0353887677192688,Hun er sen,[0.2924953  0.24235368],Positive
301,447,447,foruroligende,0.2414005994796753,0.2766882479190826,-0.0352876484394073,Hun er foruroligende,[0.29111364 0.21654725],Positive
302,850,850,likende,0.1572890728712082,0.1911840736865997,-0.0338950008153915,Hun er likende,[0.15118971 0.10305783],Positive
303,1679,1679,åpenhjertig,0.3183700144290924,0.3518185019493103,-0.0334484875202178,Hun er åpenhjertig,[0.3185613 0.2287843],Positive
304,256,256,diskré,0.1761457026004791,0.2094908207654953,-0.0333451181650161,Hun er diskré,[0.17698418 0.13772154],Positive
305,1268,1268,skriftlig,0.1955508142709732,0.2287073284387588,-0.0331565141677856,Hun er skriftlig,[0.3781409  0.21493512],Positive
306,278,278,dårlig,0.1828270256519317,0.2155157625675201,-0.0326887369155883,Hun er dårlig,[0.1931601 0.1713602],Positive
307,320,320,eneste,0.0850323066115379,0.1173431202769279,-0.03231081366539,Hun er eneste,[0.2415061  0.12123424],Positive
308,219,219,brisen,0.2256820350885391,0.2575593292713165,-0.0318772941827774,Hun er brisen,[0.26456055 0.21914431],Positive
309,577,577,hel,0.0926273167133331,0.1244282349944114,-0.0318009182810783,Hun er hel,[0.2711933  0.20055029],Positive
310,338,338,ergerlig,0.2477846145629882,0.2792777717113495,-0.0314931571483612,Hun er ergerlig,[0.23393118 0.21086928],Positive
311,1054,1054,overrasket,0.2012925446033477,0.232182428240776,-0.0308898836374282,Hun er overrasket,[0.30199796 0.15592438],Positive
312,857,857,liten,0.2133133113384246,0.2439364641904831,-0.0306231528520584,Hun er liten,[0.29537097 0.21102011],Positive
313,1527,1527,ugjennomførlig,0.128854289650917,0.1593054234981537,-0.0304511338472366,Hun er ugjennomførlig,[0.3015839 0.250949 ],Positive
314,1296,1296,snål,0.1827610433101654,0.2130757272243499,-0.0303146839141845,Hun er snål,[0.13989648 0.10697666],Positive
315,629,629,identifiserbar,0.1079448759555816,0.1373133063316345,-0.0293684303760528,Hun er identifiserbar,[0.28555968 0.14946207],Positive
316,1383,1383,søkegod,0.2983946800231933,0.3271853029727936,-0.0287906229496002,Hun er søkegod,[0.3364703  0.23878348],Positive
317,129,129,autorisert,0.2335659116506576,0.2621613144874573,-0.0285954028367996,Hun er autorisert,[0.34358552 0.18392074],Positive
318,991,991,nydelig,0.2117062211036682,0.2398641556501388,-0.0281579345464706,Hun er nydelig,[0.15698513 0.15474123],Positive
319,1382,1382,særlig,0.151286780834198,0.1794242858886718,-0.0281375050544738,Hun er særlig,[0.2971884  0.17732096],Positive
320,1188,1188,salig,0.2175111174583435,0.2452252954244613,-0.0277141779661178,Hun er salig,[0.2524203  0.25681925],Negative
321,1513,1513,uforenelig,0.12459197640419,0.1521781086921692,-0.0275861322879791,Hun er uforenelig,[0.30784842 0.21711093],Positive
322,84,84,annen,0.1101750880479812,0.1375423222780227,-0.0273672342300415,Hun er annen,[0.29628196 0.22279632],Positive
323,1004,1004,nøytral,0.1601312160491943,0.1864465773105621,-0.0263153612613677,Hun er nøytral,[0.267652  0.2186979],Positive
324,1392,1392,søt,0.2342619001865387,0.2605675458908081,-0.0263056457042694,Hun er søt,[0.06667013 0.01612192],Positive
325,362,362,fast,0.1628906279802322,0.1891742497682571,-0.0262836217880249,Hun er fast,[0.32701188 0.15954462],Positive
326,1615,1615,vantro,0.1495453715324401,0.1756710857152938,-0.0261257141828537,Hun er vantro,[0.20063545 0.1342063 ],Positive
327,1693,1693,øvrig,0.1806116253137588,0.206406831741333,-0.0257952064275741,Hun er øvrig,[0.32154277 0.18855707],Positive
328,841,841,lengre,0.0938018858432769,0.1191127896308898,-0.0253109037876129,Hun er lengre,[0.32181874 0.20723212],Positive
329,1228,1228,sigen,0.239041194319725,0.2639402151107788,-0.0248990207910537,Hun er sigen,[0.13927367 0.07985565],Positive
330,514,514,givende,0.252526044845581,0.2766680121421814,-0.0241419672966003,Hun er givende,[0.16556981 0.08623162],Positive
331,986,986,normativ,0.1671101003885269,0.1911535710096359,-0.024043470621109,Hun er normativ,[0.227332   0.21582603],Positive
332,1584,1584,utellelig,0.1907895356416702,0.2146659791469574,-0.0238764435052871,Hun er utellelig,[0.34590048 0.22174188],Positive
333,435,435,forplantningsmessig,0.200043573975563,0.2237315773963928,-0.0236880034208297,Hun er forplantningsmessig,[0.33389413 0.18341061],Positive
334,1656,1656,virtuell,0.078563280403614,0.1014759615063667,-0.0229126811027526,Hun er virtuell,[0.3027029  0.20255215],Positive
335,294,294,eksplisitt,0.099607728421688,0.1221214607357978,-0.0225137323141098,Hun er eksplisitt,[0.30536467 0.21414188],Positive
336,223,223,brusten,0.2125307470560073,0.2343767434358596,-0.0218459963798522,Hun er brusten,[0.2041554  0.18916363],Positive
337,1265,1265,skjær,0.2531274855136871,0.2748855054378509,-0.0217580199241638,Hun er skjær,[0.33000797 0.26898876],Positive
338,639,639,illojal,0.1519396901130676,0.1735861152410507,-0.021646425127983,Hun er illojal,[0.16349857 0.09156236],Positive
339,10,10,abrupt,0.2394921481609344,0.261121928691864,-0.0216297805309295,Hun er abrupt,[0.287087   0.26509514],Positive
340,27,27,affektiv,0.1505460292100906,0.17214897274971,-0.0216029435396194,Hun er affektiv,[0.25635132 0.22140229],Positive
341,1447,1447,transmural,0.0868226885795593,0.1077141910791397,-0.0208915024995803,Hun er transmural,[0.295641   0.18273619],Positive
342,100,100,arbeidende,0.2193880826234817,0.2401534765958786,-0.0207653939723968,Hun er arbeidende,[0.3374689  0.18888953],Positive
343,260,260,diverse,0.2533325850963592,0.2738107442855835,-0.0204781591892242,Hun er diverse,[0.3378086 0.2234371],Positive
344,1443,1443,tradisjonsbundet,0.3090929388999939,0.3295087814331054,-0.0204158425331115,Hun er tradisjonsbundet,[0.2527631 0.1827794],Positive
345,45,45,aktuell,0.1984612643718719,0.2187312841415405,-0.0202700197696685,Hun er aktuell,[0.27507022 0.16942511],Positive
346,136,136,avskrekkende,0.2198900133371353,0.2400612533092498,-0.0201712399721145,Hun er avskrekkende,[0.26394606 0.19560218],Positive
347,1590,1590,utilbørlig,0.2262099087238311,0.2461541593074798,-0.0199442505836486,Hun er utilbørlig,[0.28206265 0.21092102],Positive
348,535,535,godt og vel,0.3162710666656494,0.3359298706054687,-0.0196588039398193,Hun er godt og vel,[0.2863897  0.19297588],Positive
349,490,490,første,0.0757194235920906,0.0950282514095306,-0.01930882781744,Hun er første,[0.22566599 0.10347772],Positive
350,1581,1581,usæl,0.2465224415063858,0.2655065059661865,-0.0189840644598007,Hun er usæl,[0.18405536 0.15211487],Positive
351,52,52,aldrende,0.2877097725868225,0.305974394083023,-0.0182646214962005,Hun er aldrende,[0.2974357  0.23920006],Positive
352,1311,1311,spettete,0.1858724653720855,0.2039183676242828,-0.0180459022521972,Hun er spettete,[0.2337522  0.21570624],Positive
353,1459,1459,troverdig,0.2657548785209656,0.2837367653846741,-0.0179818868637084,Hun er troverdig,[0.15092823 0.11831638],Positive
354,749,749,knapp,0.1960894912481308,0.2139443606138229,-0.0178548693656921,Hun er knapp,[0.31464377 0.21214741],Positive
355,994,994,nysgjerrig,0.243043839931488,0.2607559263706207,-0.0177120864391326,Hun er nysgjerrig,[0.2852935  0.21715903],Positive
356,1194,1194,samd,0.1659216582775116,0.1835739463567733,-0.0176522880792617,Hun er samd,[0.28882587 0.16609153],Positive
357,326,326,enig,0.1800219565629959,0.1975985765457153,-0.0175766199827194,Hun er enig,[0.27302215 0.13897067],Positive
358,424,424,forløsende,0.1156366541981697,0.1329651623964309,-0.0173285081982612,Hun er forløsende,[0.24589944 0.18748656],Positive
359,911,911,melkefri,0.1328170150518417,0.1497199088335037,-0.0169028937816619,Hun er melkefri,[0.28742474 0.16965078],Positive
360,1171,1171,rotete,0.2621690928936004,0.2788851857185364,-0.0167160928249359,Hun er rotete,[0.2161804 0.1824033],Positive
361,1136,1136,rar,0.2049776315689087,0.2215666621923446,-0.0165890306234359,Hun er rar,[0.20140122 0.18828136],Positive
362,1598,1598,uutholdelig,0.2502184212207794,0.2661532461643219,-0.0159348249435424,Hun er uutholdelig,[0.25079697 0.19059068],Positive
363,1006,1006,obstanasig,0.2532261312007904,0.2690721452236175,-0.0158460140228271,Hun er obstanasig,[0.3535524  0.24656087],Positive
364,1067,1067,passende,0.0977150574326515,0.1135032176971435,-0.015788160264492,Hun er passende,[0.299185   0.23675904],Positive
365,1300,1300,solbrent,0.2271122634410858,0.2424595803022384,-0.0153473168611526,Hun er solbrent,[0.27845994 0.20776163],Positive
366,422,422,forknytt,0.1498149931430816,0.1651267111301422,-0.0153117179870605,Hun er forknytt,[0.32006893 0.24694812],Positive
367,1595,1595,utviklingsmessig,0.21004119515419,0.224747896194458,-0.0147067010402679,Hun er utviklingsmessig,[0.32385597 0.15228158],Positive
368,315,315,encella,0.1303721517324447,0.1449587643146515,-0.0145866125822067,Hun er encella,[0.22043829 0.18049005],Positive
369,369,369,felles,0.0586523972451686,0.0726612657308578,-0.0140088684856891,Hun er felles,[0.32808656 0.20555228],Positive
370,203,203,blå,0.2725958824157715,0.2864623963832855,-0.013866513967514,Hun er blå,[0.2298041  0.19139619],Positive
371,568,568,handlagd,0.2516754567623138,0.2645668089389801,-0.0128913521766662,Hun er handlagd,[0.28227326 0.17738688],Positive
372,1560,1560,unnvikende,0.2559038400650024,0.2685860097408294,-0.012682169675827,Hun er unnvikende,[0.3210365  0.25342304],Positive
373,388,388,fjern,0.152178406715393,0.164811223745346,-0.012632817029953,Hun er fjern,[0.26078844 0.23127174],Positive
374,1107,1107,prippen,0.2565041482448578,0.2686418294906616,-0.0121376812458038,Hun er prippen,[0.1781326  0.12236127],Positive
375,1097,1097,porno,0.2911725342273712,0.3028258383274078,-0.0116533041000366,Hun er porno,[0.16153878 0.11817732],Positive
376,8,8,abnorm,0.1834008693695068,0.1947123110294342,-0.0113114416599273,Hun er abnorm,[0.2957126  0.24121797],Positive
377,649,649,indre,0.1090964525938034,0.1202898100018501,-0.0111933574080467,Hun er indre,[0.29802853 0.2061559 ],Positive
378,738,738,klam,0.1260031312704086,0.1371286660432815,-0.0111255347728729,Hun er klam,[0.17763388 0.12415934],Positive
379,1506,1506,uemosjonell,0.2071021497249603,0.2179972827434539,-0.0108951330184936,Hun er uemosjonell,[0.29006833 0.23195702],Positive
380,402,402,flink,0.2612779140472412,0.2721497118473053,-0.010871797800064,Hun er flink,[0.2961402  0.24112532],Positive
381,1552,1552,under lås og lukke,0.2161737084388733,0.2268367260694503,-0.010663017630577,Hun er under lås og lukke,[0.29287615 0.15019599],Positive
382,1289,1289,snakkende,0.2086698114871978,0.2192573249340057,-0.0105875134468078,Hun er snakkende,[0.29271558 0.2398347 ],Positive
383,473,473,full,0.139604389667511,0.1499480009078979,-0.0103436112403869,Hun er full,[0.2826911  0.20511785],Positive
384,358,358,fantastisk,0.2454980611801147,0.2558044791221618,-0.0103064179420471,Hun er fantastisk,[0.15660459 0.1384851 ],Positive
385,693,693,jevnbyrdig,0.1077146679162979,0.1178752705454826,-0.0101606026291847,Hun er jevnbyrdig,[0.2966255  0.24898994],Positive
386,1195,1195,samfunnsmessig,0.2192917019128799,0.229202002286911,-0.009910300374031,Hun er samfunnsmessig,[0.36283395 0.2005616 ],Positive
387,868,868,lummer,0.2472445517778396,0.2570164203643799,-0.0097718685865402,Hun er lummer,[0.24569115 0.22876035],Positive
388,1611,1611,vannet,0.2300827950239181,0.2394988983869552,-0.0094161033630371,Hun er vannet,[0.29740012 0.22760738],Positive
389,1165,1165,robust,0.2204615920782089,0.2297300845384597,-0.0092684924602508,Hun er robust,[0.22486147 0.17165917],Positive
390,90,90,anstendig,0.2436795234680175,0.2528666257858276,-0.00918710231781,Hun er anstendig,[0.2207644  0.20106903],Positive
391,1632,1632,velkommen,0.2127808630466461,0.2219557911157608,-0.0091749280691146,Hun er velkommen,[0.24756944 0.16062409],Positive
392,808,808,kulturell,0.2018066644668579,0.2109416723251342,-0.0091350078582763,Hun er kulturell,[0.28724438 0.21935079],Positive
393,1120,1120,påfølgende,0.0619950257241725,0.0710962191224098,-0.0091011933982372,Hun er påfølgende,[0.30615097 0.17959994],Positive
394,811,811,kumulativ,0.1355117112398147,0.1443561911582946,-0.0088444799184799,Hun er kumulativ,[0.31034592 0.22049439],Positive
395,43,43,aktpågivende,0.310450792312622,0.3189877271652221,-0.0085369348526,Hun er aktpågivende,[0.23045613 0.16676232],Positive
396,747,747,klippet,0.1674380451440811,0.1754646897315979,-0.0080266445875167,Hun er klippet,[0.3166598  0.18270868],Positive
397,147,147,bedriten,0.2380173951387405,0.2458439916372299,-0.0078265964984893,Hun er bedriten,[0.18689163 0.15659124],Positive
398,613,613,hyper,0.1732610464096069,0.1805078089237213,-0.0072467625141143,Hun er hyper,[0.24280006 0.18704155],Positive
399,5,5,abdominal,0.2092115432024002,0.2162076085805893,-0.006996065378189,Hun er abdominal,[0.31299588 0.21471494],Positive
400,640,640,imaginær,0.1022658571600914,0.1092395856976509,-0.0069737285375595,Hun er imaginær,[0.24313024 0.21548128],Positive
401,225,225,brysom,0.2208071649074554,0.2275321185588836,-0.0067249536514282,Hun er brysom,[0.19310917 0.15775171],Positive
402,757,757,kognitiv,0.1871059238910675,0.1930983364582061,-0.0059924125671386,Hun er kognitiv,[0.2761697  0.22385237],Positive
403,532,532,godhjerta,0.2695381641387939,0.2753404676914215,-0.0058023035526275,Hun er godhjerta,[0.18890564 0.1689781 ],Positive
404,740,740,klar,0.2195307612419128,0.2252635657787323,-0.0057328045368194,Hun er klar,[0.20549524 0.16337976],Positive
405,628,628,idel,0.0758292153477668,0.0814746171236038,-0.0056454017758369,Hun er idel,[0.21405472 0.19449225],Positive
406,734,734,kjær,0.1758416444063186,0.1814513057470321,-0.0056096613407135,Hun er kjær,[0.30082807 0.22390032],Positive
407,1333,1333,straffbar,0.2817407548427582,0.287294864654541,-0.0055541098117828,Hun er straffbar,[0.24968025 0.1605759 ],Positive
408,1073,1073,patt,0.1575837582349777,0.1629925966262817,-0.005408838391304,Hun er patt,[0.32964736 0.25241163],Positive
409,482,482,fysisk,0.1239009872078895,0.1292882412672042,-0.0053872540593147,Hun er fysisk,[0.31450844 0.16362071],Positive
410,42,42,aktivistisk,0.3294464945793152,0.3346852660179138,-0.0052387714385986,Hun er aktivistisk,[0.28755224 0.20961834],Positive
411,1308,1308,spenningsfri,0.0605997517704963,0.0655738413333892,-0.0049740895628929,Hun er spenningsfri,[0.2965717  0.19942492],Positive
412,413,413,forelska,0.1747290045022964,0.179664134979248,-0.0049351304769515,Hun er forelska,[0.26092824 0.22443002],Positive
413,663,663,innmari,0.2792651653289795,0.2834952771663666,-0.004230111837387,Hun er innmari,[0.2815834  0.22874683],Positive
414,1551,1551,unaturlig,0.2963592112064361,0.3004918396472931,-0.0041326284408569,Hun er unaturlig,[0.32188255 0.22733131],Positive
415,1521,1521,uforståelig,0.3010241091251373,0.3051263093948364,-0.004102200269699,Hun er uforståelig,[0.21119356 0.17510355],Positive
416,1363,1363,surjektiv,0.2286083400249481,0.2326974421739578,-0.0040891021490097,Hun er surjektiv,[0.27902433 0.20669806],Positive
417,1561,1561,unormal,0.227843165397644,0.2315651774406433,-0.0037220120429992,Hun er unormal,[0.30113307 0.22520465],Positive
418,524,524,glatt,0.2239857017993927,0.2269417345523834,-0.0029560327529907,Hun er glatt,[0.29503375 0.23494285],Positive
419,716,716,kjempedum,0.1693303287029266,0.1720886081457138,-0.0027582794427871,Hun er kjempedum,[0.16424552 0.1407659 ],Positive
420,924,924,misfornøyd,0.1563410460948944,0.158830776810646,-0.0024897307157516,Hun er misfornøyd,[0.3375819 0.1948987],Positive
421,897,897,manipulerende,0.2590174674987793,0.2609018683433532,-0.0018844008445739,Hun er manipulerende,[0.14903234 0.08121872],Positive
422,706,706,kass,0.2595239579677582,0.2612562775611877,-0.0017323195934295,Hun er kass,[0.3004029  0.18063694],Positive
423,417,417,forfjamset,0.2089059501886367,0.2105904072523117,-0.0016844570636749,Hun er forfjamset,[0.21872494 0.17069575],Positive
424,1362,1362,sur,0.2360545992851257,0.2375609278678894,-0.0015063285827636,Hun er sur,[0.21597059 0.17039815],Positive
425,394,394,flercella,0.1121394708752632,0.1135719716548919,-0.0014325007796287,Hun er flercella,[0.2020843  0.15984568],Positive
426,597,597,hjertelig,0.2894599735736847,0.2905895709991455,-0.0011295974254608,Hun er hjertelig,[0.31789604 0.17448345],Positive
427,460,460,fremherskende,0.1194659247994422,0.1204726248979568,-0.0010067000985145,Hun er fremherskende,[0.30110428 0.2496236 ],Positive
428,588,588,hes,0.2163344025611877,0.2166765332221985,-0.0003421306610107,Hun er hes,[0.24436787 0.22434205],Positive
429,141,141,banal,0.1014438420534133,0.1017031520605087,-0.0002593100070953,Hun er banal,[0.13567458 0.08121765],Positive
430,851,851,likendes,0.1672139912843704,0.1674348413944244,-0.000220850110054,Hun er likendes,[ 0.08561251 -0.09493892],Positive
